<?xml version="1.0" encoding="UTF-8" standalone="yes" ?>
<Forms>
    <Form Class="Window" LAnchorPoint="0" LAnchorOffset="1163" TAnchorPoint="0" TAnchorOffset="716" RAnchorPoint="0" RAnchorOffset="1348" BAnchorPoint="0" BAnchorOffset="946" RelativeToClient="1" Font="Default" Text="" Template="" Name="CCCForm" Border="0" Picture="1" SwallowMouseClicks="1" Moveable="1" Escapable="0" BGColor="5fffffff" TextColor="ffffffff" TextId="" TooltipColor="" Tooltip="" Sprite="BK3:UI_BK3_Holo_InsetFramed_Alert" UseTemplateBG="0" NotRelative="0" Sizable="1" VScroll="0" AutoFadeBG="1" Overlapped="1">
        <Control Class="Window" LAnchorPoint="0" LAnchorOffset="31" TAnchorPoint="0" TAnchorOffset="6" RAnchorPoint="1" RAnchorOffset="-41" BAnchorPoint="0" BAnchorOffset="35" RelativeToClient="1" Font="CRB_HeaderLarge_O" Template="Default" Name="Title" BGColor="ffffffff" TextColor="5ff98b06" DT_VCENTER="1" DT_CENTER="1" NewControlDepth="2" TextId="CRB_Title" Text="" TooltipColor="" Sprite="ClientSprites:IconicButtonBase"/>
        <Control Class="Button" Base="BK3:btnHolo_ClosePressed" Font="Thick" ButtonType="PushButton" RadioGroup="" LAnchorPoint="1" LAnchorOffset="-37" TAnchorPoint="0" TAnchorOffset="3" RAnchorPoint="1" RAnchorOffset="-5" BAnchorPoint="0" BAnchorOffset="37" DT_VCENTER="1" DT_CENTER="1" Name="CloseButton" BGColor="5fffffff" TextColor="UI_BtnTextDefault" NewControlDepth="2" WindowSoundTemplate="CloseWindowPhys" Text="" TextId="" TooltipColor="" NormalTextColor="a0ffffff" PressedTextColor="UI_BtnTextDefault" FlybyTextColor="UI_BtnTextDefault" PressedFlybyTextColor="UI_BtnTextDefault" DisabledTextColor="UI_BtnTextDefault" Sprite="BK3:btnHolo_ClosePressed" Tooltip="" AutoFadeNC="0">
            <Event Name="ButtonSignal" Function="OnCancel"/>
        </Control>
        <Control Class="Window" LAnchorPoint="0" LAnchorOffset="10" TAnchorPoint="0" TAnchorOffset="35" RAnchorPoint="1" RAnchorOffset="-13" BAnchorPoint="1" BAnchorOffset="-11" RelativeToClient="1" Font="Default" Text="" BGColor="UI_WindowBGDefault" TextColor="xkcdAmethyst" Template="Default" TooltipType="OnCursor" Name="Window" TooltipColor="" VScroll="1" IgnoreMouse="1" AutoFadeBG="0" UseParentOpacity="1" DT_CENTER="0"/>
        <Control Class="Button" Base="HUD_BottomBar:btn_HUD_EvadePressed" Font="DefaultButton" ButtonType="PushButton" RadioGroup="" LAnchorPoint="0" LAnchorOffset="3" TAnchorPoint="0" TAnchorOffset="3" RAnchorPoint="0" RAnchorOffset="35" BAnchorPoint="0" BAnchorOffset="35" DT_VCENTER="1" DT_CENTER="1" BGColor="5fffffff" TextColor="UI_BtnTextDefault" NormalTextColor="a0ffffff" PressedTextColor="UI_BtnTextDefault" FlybyTextColor="UI_BtnTextDefault" PressedFlybyTextColor="UI_BtnTextDefault" DisabledTextColor="UI_BtnTextDefault" TooltipType="OnCursor" Name="ResetButton" TooltipColor="" Sprite="CRB_BaseBarSprites:btnHUD_InventoryBagFullDisabled" Border="0" Picture="0" UseParentOpacity="0" NotRelative="0" VScroll="0" HScroll="0" Moveable="0" Sizable="0" CloseOnExternalClick="0" RelativeToClient="0" AutoFade="0" AutoFadeNC="1" AutoFadeBG="0" AutoHideScroll="0" IgnoreMouse="0" TabStop="0" NoClip="0" Escapable="0" NeverBringToFront="0" AutoScaleTextOff="0" Overlapped="0" TestAlpha="0" RequireMetaKeyToMove="0" UseTemplateBG="0" ScaleOnShowHide="0" MaintainAspectRatio="0" TransitionShowHide="0" IgnoreTooltipDelay="0" NewWindowDepth="0" BlockOutIfDisabled="0" UseRadialClipping="0" DoNotBlockTooltip="0" DrawAsCheckbox="0" CheckboxRight="0" UseWindowTextColor="0">
            <Event Name="ButtonDown" Function="OnResetPressed"/>
        </Control>
        <Control Class="Button" Base="HUD_BottomBar:btn_HUD_Datachron_MinimizePressed" Font="DefaultButton" ButtonType="PushButton" RadioGroup="" LAnchorPoint="1" LAnchorOffset="-39" TAnchorPoint="1" TAnchorOffset="-38" RAnchorPoint="1" RAnchorOffset="-7" BAnchorPoint="1" BAnchorOffset="-6" DT_VCENTER="1" DT_CENTER="1" BGColor="5fffffff" TextColor="UI_BtnTextDefault" NormalTextColor="a0ffffff" PressedTextColor="UI_BtnTextDefault" FlybyTextColor="UI_BtnTextDefault" PressedFlybyTextColor="UI_BtnTextDefault" DisabledTextColor="UI_BtnTextDefault" TooltipType="OnCursor" Name="SetupButton" TooltipColor="" Text="" AutoFadeNC="1">
            <Event Name="ButtonDown" Function="OnShowMenu"/>
        </Control>
    </Form>
    <Form Class="Window" LAnchorPoint="0" LAnchorOffset="0" TAnchorPoint="0" TAnchorOffset="0" RAnchorPoint="1" RAnchorOffset="0" BAnchorPoint="0" BAnchorOffset="18" RelativeToClient="1" Font="Default" Text="" BGColor="black" TextColor="a0ffffff" Template="Default" TooltipType="OnCursor" Name="Item" Border="0" Picture="0" SwallowMouseClicks="1" Moveable="0" Escapable="0" Overlapped="1" TooltipColor="" Sprite="" UseTemplateBG="1" TooltipFont="CRB_Interface9" AutoFadeBG="1" Visible="1" HideInEditor="0" NotRelative="0" VScroll="0" HScroll="0" Sizable="0" CloseOnExternalClick="0" ScaleOnShowHide="0" MaintainAspectRatio="0" TransitionShowHide="0" IgnoreTooltipDelay="0" NewWindowDepth="0" BlockOutIfDisabled="0" UseRadialClipping="0" DoNotBlockTooltip="0" RequireMetaKeyToMove="0" TestAlpha="0" AutoScaleTextOff="0" NeverBringToFront="0" NoClip="0" DT_CENTER="0" UseParentOpacity="0" AutoFade="0" AutoFadeNC="0" AutoHideScroll="0" IgnoreMouse="0" TabStop="0" Tooltip="">
        <Control Class="Window" LAnchorPoint="1" LAnchorOffset="-50" TAnchorPoint="0" TAnchorOffset="0" RAnchorPoint="1" RAnchorOffset="0" BAnchorPoint="1" BAnchorOffset="0" RelativeToClient="1" Font="Default" Text="" BGColor="UI_WindowBGDefault" TextColor="UI_WindowTextDefault" Template="Default" TooltipType="OnCursor" Name="CC" TooltipColor="" DT_RIGHT="1" UseParentOpacity="1" IgnoreMouse="1"/>
        <Control Class="Window" LAnchorPoint="0" LAnchorOffset="0" TAnchorPoint="1" TAnchorOffset="-18" RAnchorPoint="1" RAnchorOffset="0" BAnchorPoint="0" BAnchorOffset="5" RelativeToClient="1" Font="Default" Text="" BGColor="white" TextColor="UI_WindowTextDefault" Template="Default" TooltipType="OnCursor" Name="Window" TooltipColor="" Sprite="CRB_UIKitSprites:spr_HologramSeparator" Picture="1" IgnoreMouse="1" AutoFadeBG="0" UseParentOpacity="1" AutoFade="0"/>
        <Control Class="Window" LAnchorPoint="0" LAnchorOffset="0" TAnchorPoint="0" TAnchorOffset="13" RAnchorPoint="1" RAnchorOffset="0" BAnchorPoint="1" BAnchorOffset="0" RelativeToClient="1" Font="Default" Text="" BGColor="white" TextColor="UI_WindowTextDefault" Template="Default" TooltipType="OnCursor" Name="Window1" TooltipColor="" Sprite="CRB_UIKitSprites:spr_HologramSeparator" Picture="1" IgnoreMouse="1" AutoFadeBG="0" UseParentOpacity="1" AutoFade="0"/>
        <Event Name="MouseButtonDown" Function="SetDisplay"/>
    </Form>
    <Form Class="Window" LAnchorPoint=".3" LAnchorOffset="-300" TAnchorPoint=".5" TAnchorOffset="-350" RAnchorPoint=".3" RAnchorOffset="0" BAnchorPoint=".5" BAnchorOffset="0" RelativeToClient="1" Font="Default" Text="" BGColor="5fffffff" TextColor="UI_WindowTextDefault" Template="Metal_Primary_NoNav" TooltipType="OnCursor" Name="OptionMenu" Border="0" Picture="0" SwallowMouseClicks="1" Moveable="1" Escapable="1" Overlapped="1" TooltipColor="" Tooltip="" Sprite="" UseTemplateBG="0">
        <Control Class="Window" LAnchorPoint="0" LAnchorOffset="0" TAnchorPoint="0" TAnchorOffset="0" RAnchorPoint="1" RAnchorOffset="0" BAnchorPoint="1" BAnchorOffset="0" RelativeToClient="1" Font="Default" Text="" BGColor="UI_WindowBGDefault" TextColor="UI_WindowTextDefault" Template="Default" TooltipType="OnCursor" Name="BG" TooltipColor="">
            <Control Class="Window" LAnchorPoint="0" LAnchorOffset="24" TAnchorPoint="0" TAnchorOffset="69" RAnchorPoint="1" RAnchorOffset="-25" BAnchorPoint="1" BAnchorOffset="-19" RelativeToClient="1" Font="Default" Text="" BGColor="UI_WindowBGDefault" TextColor="UI_WindowTextDefault" Template="Holo_Background_General" TooltipType="OnCursor" Name="Window" TooltipColor="" Picture="1" IgnoreMouse="1"/>
        </Control>
        <Control Class="Window" LAnchorPoint="0" LAnchorOffset="40" TAnchorPoint="0" TAnchorOffset="88" RAnchorPoint="1" RAnchorOffset="-40" BAnchorPoint="1" BAnchorOffset="-101" RelativeToClient="0" Font="Default" Text="" BGColor="UI_WindowBGDefault" TextColor="UI_WindowTextDefault" Template="Holo_ScrollList" TooltipType="OnCursor" Name="Content" TooltipColor="" VScroll="1" IgnoreMouse="1" UseTemplateBG="1" Border="1" NewControlDepth="2"/>
        <Control Class="Window" LAnchorPoint="0" LAnchorOffset="0" TAnchorPoint="0" TAnchorOffset="0" RAnchorPoint="1" RAnchorOffset="0" BAnchorPoint="1" BAnchorOffset="0" RelativeToClient="1" Font="Default" Text="" BGColor="UI_WindowBGDefault" TextColor="UI_WindowTextDefault" Template="Metal_Primary_NoNav" TooltipType="OnCursor" Name="MainFrame" TooltipColor="" TextId="" Border="1" IgnoreMouse="1" UseTemplateBG="1"/>
        <Control Class="Window" LAnchorPoint="0" LAnchorOffset="80" TAnchorPoint="0" TAnchorOffset="24" RAnchorPoint="1" RAnchorOffset="-80" BAnchorPoint="0" BAnchorOffset="60" RelativeToClient="1" Font="CRB_HeaderMedium" Text="CCC Options" BGColor="UI_WindowBGDefault" TextColor="UI_WindowTitleYellow" Template="Default" TooltipType="OnCursor" Name="Title" TooltipColor="" Sprite="BK3:sprMetal_Framing_Header" Picture="1" IgnoreMouse="1" TextId="" DT_VCENTER="1" DT_CENTER="1"/>
        <Control Class="Button" Base="CRB_Basekit:kitBtn_Close" Font="DefaultButton" ButtonType="PushButton" RadioGroup="" LAnchorPoint="1" LAnchorOffset="-51" TAnchorPoint="0" TAnchorOffset="25" RAnchorPoint="1" RAnchorOffset="-23" BAnchorPoint="0" BAnchorOffset="55" DT_VCENTER="1" DT_CENTER="1" BGColor="UI_BtnBGDefault" TextColor="UI_BtnTextDefault" NormalTextColor="UI_BtnTextDefault" PressedTextColor="UI_BtnTextDefault" FlybyTextColor="UI_BtnTextDefault" PressedFlybyTextColor="UI_BtnTextDefault" DisabledTextColor="UI_BtnTextDefault" TooltipType="OnCursor" Name="CloseButton" TooltipColor="">
            <Event Name="ButtonSignal" Function="OnOkButton"/>
        </Control>
        <Control Class="Window" LAnchorPoint="0" LAnchorOffset="27" TAnchorPoint="1" TAnchorOffset="-92" RAnchorPoint="1" RAnchorOffset="-27" BAnchorPoint="1" BAnchorOffset="-22" RelativeToClient="1" Font="Default" Text="" BGColor="UI_WindowBGDefault" TextColor="UI_WindowTextDefault" Template="Default" TooltipType="OnCursor" Name="MetalFooter" TooltipColor="" Sprite="BK3:UI_BK3_Metal_Footer_Large" Picture="1" IgnoreMouse="1"/>
        <Control Class="Button" Base="CRB_Basekit:kitBtn_Metal_LargeBlue" Font="CRB_Button" ButtonType="PushButton" RadioGroup="" LAnchorPoint="1" LAnchorOffset="-137" TAnchorPoint="1" TAnchorOffset="-79" RAnchorPoint="1" RAnchorOffset="-37" BAnchorPoint="1" BAnchorOffset="-28" DT_VCENTER="1" DT_CENTER="1" BGColor="UI_BtnBGDefault" TextColor="UI_BtnTextDefault" NormalTextColor="UI_BtnTextBlueNormal" PressedTextColor="UI_BtnTextBluePressed" FlybyTextColor="UI_BtnTextBlueFlyby" PressedFlybyTextColor="UI_BtnTextBluePressedFlyby" DisabledTextColor="UI_BtnTextBlueDisabled" TooltipType="OnCursor" Name="OkButton" TooltipColor="" Template="Default" Text="" TextId="CRB_OK">
            <Event Name="ButtonSignal" Function="OnOkButton"/>
        </Control>
    </Form>
    <Form Class="Window" LAnchorPoint="0" LAnchorOffset="0" TAnchorPoint="0" TAnchorOffset="0" RAnchorPoint="1" RAnchorOffset="-18" BAnchorPoint="0" BAnchorOffset="200" RelativeToClient="0" Font="Default" Text="" BGColor="UI_WindowBGDefault" TextColor="UI_WindowTextDefault" Template="Default" TooltipType="OnCursor" Name="Options" Border="1" Picture="0" SwallowMouseClicks="1" Moveable="0" Escapable="0" Overlapped="1" TooltipColor="" IgnoreMouse="1" UseTemplateBG="1" Tooltip="">
        <Control Class="Window" LAnchorPoint="0" LAnchorOffset="0" TAnchorPoint="0" TAnchorOffset="0" RAnchorPoint="1" RAnchorOffset="0" BAnchorPoint="0" BAnchorOffset="80" RelativeToClient="1" Font="Default" Text="" BGColor="UI_WindowBGDefault" TextColor="UI_WindowTextDefault" Template="Default" TooltipType="OnCursor" Name="Form" Border="0" Picture="1" SwallowMouseClicks="1" Moveable="0" Escapable="0" Overlapped="0" TooltipColor="" Sprite="BK3:UI_BK3_Holo_InsetHeaderThin" IgnoreMouse="1">
            <Control Class="Window" LAnchorPoint="0" LAnchorOffset="10" TAnchorPoint="0" TAnchorOffset="0" RAnchorPoint="1" RAnchorOffset="0" BAnchorPoint="0" BAnchorOffset="40" RelativeToClient="0" Font="CRB_HeaderTiny" Text="" BGColor="UI_WindowBGDefault" TextColor="UI_WindowTitleYellow" Template="Default" TooltipType="OnCursor" Name="Label" TooltipColor="" TextId="CRB_Color" IgnoreMouse="1" DT_RIGHT="0" DT_VCENTER="1"/>
            <Control Class="Window" LAnchorPoint="0" LAnchorOffset="10" TAnchorPoint="0" TAnchorOffset="44" RAnchorPoint="1" RAnchorOffset="0" BAnchorPoint="0" BAnchorOffset="68" RelativeToClient="1" Font="Default" Text="Window Color" BGColor="UI_WindowBGDefault" TextColor="UI_TextHoloBodyHighlight" Template="Default" TooltipType="OnCursor" Name="Window" TooltipColor="" TextId="" DT_VCENTER="1">
                <Control Class="Window" LAnchorPoint="1" LAnchorOffset="-62" TAnchorPoint="0" TAnchorOffset="-3" RAnchorPoint="1" RAnchorOffset="-5" BAnchorPoint="0" BAnchorOffset="25" RelativeToClient="1" Font="Default" Text="" BGColor="UI_WindowBGDefault" TextColor="UI_WindowTextDefault" Template="Default" TooltipType="OnCursor" Name="Window" TooltipColor="" Sprite="BK3:UI_BK3_Holo_InsetSimple" Border="0" IgnoreMouse="1" Picture="1">
                    <Control Class="EditBox" LAnchorPoint="0" LAnchorOffset="0" TAnchorPoint="0" TAnchorOffset="0" RAnchorPoint="1" RAnchorOffset="0" BAnchorPoint="1" BAnchorOffset="0" RelativeToClient="1" Font="Default" Text="" BGColor="UI_WindowBGDefault" TextColor="UI_TextHoloBodyCyan" Template="Default" TooltipType="OnCursor" Name="EditBox" TooltipColor="" DT_VCENTER="1" DT_CENTER="1"/>
                </Control>
            </Control>
        </Control>
        <Control Class="Window" LAnchorPoint="0" LAnchorOffset="0" TAnchorPoint="0" TAnchorOffset="85" RAnchorPoint="1" RAnchorOffset="0" BAnchorPoint="1" BAnchorOffset="0" RelativeToClient="1" Font="Default" Text="" BGColor="UI_WindowBGDefault" TextColor="UI_WindowTextDefault" Template="Default" TooltipType="OnCursor" Name="Form1" Border="0" Picture="1" SwallowMouseClicks="1" Moveable="0" Escapable="0" Overlapped="0" TooltipColor="" Sprite="BK3:UI_BK3_Holo_InsetHeaderThin" IgnoreMouse="1">
            <Control Class="Window" LAnchorPoint="0" LAnchorOffset="10" TAnchorPoint="0" TAnchorOffset="0" RAnchorPoint="1" RAnchorOffset="0" BAnchorPoint="0" BAnchorOffset="40" RelativeToClient="0" Font="CRB_HeaderTiny" Text="Main Options" BGColor="UI_WindowBGDefault" TextColor="UI_WindowTitleYellow" Template="Default" TooltipType="OnCursor" Name="Label" TooltipColor="" TextId="" IgnoreMouse="1" DT_RIGHT="0" DT_VCENTER="1"/>
            <Control Class="Window" LAnchorPoint="0" LAnchorOffset="10" TAnchorPoint="0" TAnchorOffset="44" RAnchorPoint="1" RAnchorOffset="0" BAnchorPoint="0" BAnchorOffset="68" RelativeToClient="1" Font="Default" Text="Limit" BGColor="UI_WindowBGDefault" TextColor="UI_TextHoloBodyHighlight" Template="Default" TooltipType="OnCursor" Name="Window" TooltipColor="" TextId="" DT_VCENTER="1">
                <Control Class="Window" LAnchorPoint="1" LAnchorOffset="-62" TAnchorPoint="0" TAnchorOffset="-3" RAnchorPoint="1" RAnchorOffset="-5" BAnchorPoint="0" BAnchorOffset="25" RelativeToClient="1" Font="Default" Text="" BGColor="UI_WindowBGDefault" TextColor="UI_WindowTextDefault" Template="Default" TooltipType="OnCursor" Name="Window" TooltipColor="" Sprite="BK3:UI_BK3_Holo_InsetSimple" Border="0" IgnoreMouse="1" Picture="1">
                    <Control Class="EditBox" LAnchorPoint="0" LAnchorOffset="0" TAnchorPoint="0" TAnchorOffset="0" RAnchorPoint="1" RAnchorOffset="0" BAnchorPoint="1" BAnchorOffset="0" RelativeToClient="1" Font="Default" Text="" BGColor="UI_WindowBGDefault" TextColor="UI_TextHoloBodyCyan" Template="Default" TooltipType="OnCursor" Name="EditBox" TooltipColor="" DT_VCENTER="1" DT_CENTER="1"/>
                </Control>
            </Control>
            <Control Class="Window" LAnchorPoint="0" LAnchorOffset="10" TAnchorPoint="0" TAnchorOffset="74" RAnchorPoint="1" RAnchorOffset="0" BAnchorPoint="0" BAnchorOffset="98" RelativeToClient="1" Font="Default" Text="Focus Only" BGColor="UI_WindowBGDefault" TextColor="UI_TextHoloBodyHighlight" Template="Default" TooltipType="OnCursor" Name="Window1" TooltipColor="" TextId="" DT_VCENTER="1">
                <Control Class="Button" Base="BK3:btnHolo_Check" Font="DefaultButton" ButtonType="Check" RadioGroup="" LAnchorPoint="1" LAnchorOffset="-46" TAnchorPoint="0" TAnchorOffset="-3" RAnchorPoint="1" RAnchorOffset="-18" BAnchorPoint="0" BAnchorOffset="25" DT_VCENTER="1" DT_CENTER="1" BGColor="UI_BtnBGDefault" TextColor="UI_BtnTextDefault" NormalTextColor="UI_BtnTextDefault" PressedTextColor="UI_BtnTextDefault" FlybyTextColor="UI_BtnTextDefault" PressedFlybyTextColor="UI_BtnTextDefault" DisabledTextColor="UI_BtnTextDefault" TooltipType="OnCursor" Name="Button" TooltipColor="" Text="">
                    <Event Name="ButtonSignal" Function="YourFunctionName"/>
                </Control>
            </Control>
        </Control>
    </Form>
</Forms>
